"filename", "language", "JavaScript", "HTML", "Markdown", "JSON", "Ignore", "YAML", "Properties", "comment", "blank", "total"
"c:\Users\yeung\Documents\Founder's Club\Dreammate\landing\.env", "Properties", 0, 0, 0, 0, 0, 0, 15, 4, 9, 28
"c:\Users\yeung\Documents\Founder's Club\Dreammate\landing\.eslintrc.json", "JSON", 0, 0, 0, 3, 0, 0, 0, 0, 1, 4
"c:\Users\yeung\Documents\Founder's Club\Dreammate\landing\.github\workflows\firebase-hosting-merge.yml", "YAML", 0, 0, 0, 0, 0, 17, 0, 2, 2, 21
"c:\Users\yeung\Documents\Founder's Club\Dreammate\landing\.github\workflows\firebase-hosting-pull-request.yml", "YAML", 0, 0, 0, 0, 0, 14, 0, 2, 2, 18
"c:\Users\yeung\Documents\Founder's Club\Dreammate\landing\.prettierignore", "Ignore", 0, 0, 0, 0, 1, 0, 0, 0, 0, 1
"c:\Users\yeung\Documents\Founder's Club\Dreammate\landing\README.md", "Markdown", 0, 0, 20, 0, 0, 0, 0, 0, 15, 35
"c:\Users\yeung\Documents\Founder's Club\Dreammate\landing\components\SEO.js", "JavaScript", 19, 0, 0, 0, 0, 0, 0, 0, 4, 23
"c:\Users\yeung\Documents\Founder's Club\Dreammate\landing\components\c\contact\Form.js", "JavaScript", 32, 0, 0, 0, 0, 0, 0, 0, 4, 36
"c:\Users\yeung\Documents\Founder's Club\Dreammate\landing\components\c\contact\Form\Base.js", "JavaScript", 165, 0, 0, 0, 0, 0, 0, 0, 9, 174
"c:\Users\yeung\Documents\Founder's Club\Dreammate\landing\components\c\contact\Form\Full.js", "JavaScript", 167, 0, 0, 0, 0, 0, 0, 0, 9, 176
"c:\Users\yeung\Documents\Founder's Club\Dreammate\landing\components\c\home\Description.js", "JavaScript", 39, 0, 0, 0, 0, 0, 0, 0, 5, 44
"c:\Users\yeung\Documents\Founder's Club\Dreammate\landing\components\c\home\Description\Base.js", "JavaScript", 56, 0, 0, 0, 0, 0, 0, 0, 4, 60
"c:\Users\yeung\Documents\Founder's Club\Dreammate\landing\components\c\home\Description\Full.js", "JavaScript", 51, 0, 0, 0, 0, 0, 0, 0, 3, 54
"c:\Users\yeung\Documents\Founder's Club\Dreammate\landing\components\c\home\Inform.js", "JavaScript", 30, 0, 0, 0, 0, 0, 0, 0, 4, 34
"c:\Users\yeung\Documents\Founder's Club\Dreammate\landing\components\c\home\Inform\Base.js", "JavaScript", 33, 0, 0, 0, 0, 0, 0, 0, 3, 36
"c:\Users\yeung\Documents\Founder's Club\Dreammate\landing\components\c\home\Inform\Full.js", "JavaScript", 32, 0, 0, 0, 0, 0, 0, 0, 3, 35
"c:\Users\yeung\Documents\Founder's Club\Dreammate\landing\components\c\home\Main.js", "JavaScript", 11, 0, 0, 0, 0, 0, 0, 0, 3, 14
"c:\Users\yeung\Documents\Founder's Club\Dreammate\landing\components\c\home\Main\Intro.js", "JavaScript", 56, 0, 0, 0, 0, 0, 0, 0, 4, 60
"c:\Users\yeung\Documents\Founder's Club\Dreammate\landing\components\c\home\Main\Intro\Desktop.js", "JavaScript", 140, 0, 0, 0, 0, 0, 0, 0, 10, 150
"c:\Users\yeung\Documents\Founder's Club\Dreammate\landing\components\c\home\Main\Intro\Mobile.js", "JavaScript", 17, 0, 0, 0, 0, 0, 0, 0, 3, 20
"c:\Users\yeung\Documents\Founder's Club\Dreammate\landing\components\c\home\Main\Intro\Mobile\Base.js", "JavaScript", 126, 0, 0, 0, 0, 0, 0, 0, 10, 136
"c:\Users\yeung\Documents\Founder's Club\Dreammate\landing\components\c\home\Main\Intro\Mobile\Full.js", "JavaScript", 126, 0, 0, 0, 0, 0, 0, 0, 10, 136
"c:\Users\yeung\Documents\Founder's Club\Dreammate\landing\components\c\home\Main\Intro\Tablet.js", "JavaScript", 140, 0, 0, 0, 0, 0, 0, 0, 10, 150
"c:\Users\yeung\Documents\Founder's Club\Dreammate\landing\components\c\home\Main\Socials.js", "JavaScript", 29, 0, 0, 0, 0, 0, 0, 0, 3, 32
"c:\Users\yeung\Documents\Founder's Club\Dreammate\landing\components\c\home\Main\Socials\Base.js", "JavaScript", 48, 0, 0, 0, 0, 0, 0, 0, 5, 53
"c:\Users\yeung\Documents\Founder's Club\Dreammate\landing\components\c\home\Main\Socials\Full.js", "JavaScript", 45, 0, 0, 0, 0, 0, 0, 0, 5, 50
"c:\Users\yeung\Documents\Founder's Club\Dreammate\landing\components\c\layout\Footer.js", "JavaScript", 36, 0, 0, 0, 0, 0, 0, 0, 4, 40
"c:\Users\yeung\Documents\Founder's Club\Dreammate\landing\components\c\layout\Footer\Base.js", "JavaScript", 77, 0, 0, 0, 0, 0, 0, 0, 8, 85
"c:\Users\yeung\Documents\Founder's Club\Dreammate\landing\components\c\layout\Footer\Full.js", "JavaScript", 79, 0, 0, 0, 0, 0, 0, 0, 5, 84
"c:\Users\yeung\Documents\Founder's Club\Dreammate\landing\components\c\layout\Header.js", "JavaScript", 32, 0, 0, 0, 0, 0, 0, 0, 4, 36
"c:\Users\yeung\Documents\Founder's Club\Dreammate\landing\components\c\layout\Header\Base.js", "JavaScript", 51, 0, 0, 0, 0, 0, 0, 0, 8, 59
"c:\Users\yeung\Documents\Founder's Club\Dreammate\landing\components\c\layout\Header\Full.js", "JavaScript", 67, 0, 0, 0, 0, 0, 0, 0, 5, 72
"c:\Users\yeung\Documents\Founder's Club\Dreammate\landing\components\c\layout\Header\modal\Drawer.js", "JavaScript", 64, 0, 0, 0, 0, 0, 0, 0, 6, 70
"c:\Users\yeung\Documents\Founder's Club\Dreammate\landing\components\c\team\Main.js", "JavaScript", 50, 0, 0, 0, 0, 0, 0, 0, 5, 55
"c:\Users\yeung\Documents\Founder's Club\Dreammate\landing\components\c\team\Main\Intro.js", "JavaScript", 33, 0, 0, 0, 0, 0, 0, 0, 3, 36
"c:\Users\yeung\Documents\Founder's Club\Dreammate\landing\components\c\team\Main\Intro\Base.js", "JavaScript", 32, 0, 0, 0, 0, 0, 0, 0, 3, 35
"c:\Users\yeung\Documents\Founder's Club\Dreammate\landing\components\c\team\Main\Intro\Full.js", "JavaScript", 32, 0, 0, 0, 0, 0, 0, 0, 3, 35
"c:\Users\yeung\Documents\Founder's Club\Dreammate\landing\components\constants.js", "JavaScript", 46, 0, 0, 0, 0, 0, 0, 12, 8, 66
"c:\Users\yeung\Documents\Founder's Club\Dreammate\landing\components\functions.js", "JavaScript", 48, 0, 0, 0, 0, 0, 0, 0, 7, 55
"c:\Users\yeung\Documents\Founder's Club\Dreammate\landing\components\global\cards\PostCard.js", "JavaScript", 80, 0, 0, 0, 0, 0, 0, 2, 15, 97
"c:\Users\yeung\Documents\Founder's Club\Dreammate\landing\components\global\cards\PostCard\Base.js", "JavaScript", 318, 0, 0, 0, 0, 0, 0, 0, 18, 336
"c:\Users\yeung\Documents\Founder's Club\Dreammate\landing\components\global\cards\PostCard\Full.js", "JavaScript", 346, 0, 0, 0, 0, 0, 0, 2, 21, 369
"c:\Users\yeung\Documents\Founder's Club\Dreammate\landing\components\global\layout\Layout.js", "JavaScript", 49, 0, 0, 0, 0, 0, 0, 2, 12, 63
"c:\Users\yeung\Documents\Founder's Club\Dreammate\landing\components\global\layout\sections\Desktop.js", "JavaScript", 243, 0, 0, 0, 0, 0, 0, 0, 14, 257
"c:\Users\yeung\Documents\Founder's Club\Dreammate\landing\components\global\layout\sections\Layout\Base.js", "JavaScript", 39, 0, 0, 0, 0, 0, 0, 0, 4, 43
"c:\Users\yeung\Documents\Founder's Club\Dreammate\landing\components\global\layout\sections\Layout\Full.js", "JavaScript", 52, 0, 0, 0, 0, 0, 0, 0, 4, 56
"c:\Users\yeung\Documents\Founder's Club\Dreammate\landing\components\global\layout\sections\Mobile\Footer.js", "JavaScript", 75, 0, 0, 0, 0, 0, 0, 0, 8, 83
"c:\Users\yeung\Documents\Founder's Club\Dreammate\landing\components\global\layout\sections\Mobile\Header.js", "JavaScript", 59, 0, 0, 0, 0, 0, 0, 0, 11, 70
"c:\Users\yeung\Documents\Founder's Club\Dreammate\landing\components\global\layout\sections\Tablet.js", "JavaScript", 121, 0, 0, 0, 0, 0, 0, 0, 13, 134
"c:\Users\yeung\Documents\Founder's Club\Dreammate\landing\components\global\modals\FeedFilter.js", "JavaScript", 263, 0, 0, 0, 0, 0, 0, 2, 23, 288
"c:\Users\yeung\Documents\Founder's Club\Dreammate\landing\components\global\pages\Loading.js", "JavaScript", 19, 0, 0, 0, 0, 0, 0, 0, 4, 23
"c:\Users\yeung\Documents\Founder's Club\Dreammate\landing\components\home\Base.js", "JavaScript", 70, 0, 0, 0, 0, 0, 0, 0, 5, 75
"c:\Users\yeung\Documents\Founder's Club\Dreammate\landing\components\home\Full.js", "JavaScript", 69, 0, 0, 0, 0, 0, 0, 0, 5, 74
"c:\Users\yeung\Documents\Founder's Club\Dreammate\landing\components\home\Header.js", "JavaScript", 48, 0, 0, 0, 0, 0, 0, 0, 7, 55
"c:\Users\yeung\Documents\Founder's Club\Dreammate\landing\components\items.js", "JavaScript", 423, 0, 0, 0, 0, 0, 0, 12, 23, 458
"c:\Users\yeung\Documents\Founder's Club\Dreammate\landing\components\messages\MessageControl.js", "JavaScript", 125, 0, 0, 0, 0, 0, 0, 4, 21, 150
"c:\Users\yeung\Documents\Founder's Club\Dreammate\landing\components\messages\MessageControl\BaseView.js", "JavaScript", 118, 0, 0, 0, 0, 0, 0, 0, 11, 129
"c:\Users\yeung\Documents\Founder's Club\Dreammate\landing\components\messages\MessageControl\FullView.js", "JavaScript", 142, 0, 0, 0, 0, 0, 0, 2, 15, 159
"c:\Users\yeung\Documents\Founder's Club\Dreammate\landing\components\messages\MessageControl\components\Messages.js", "JavaScript", 145, 0, 0, 0, 0, 0, 0, 2, 16, 163
"c:\Users\yeung\Documents\Founder's Club\Dreammate\landing\components\messages\MessageControl\modal\CreateMessage.js", "JavaScript", 370, 0, 0, 0, 0, 0, 0, 3, 26, 399
"c:\Users\yeung\Documents\Founder's Club\Dreammate\landing\components\messages\MessageControl\modal\SearchMessage.js", "JavaScript", 137, 0, 0, 0, 0, 0, 0, 2, 19, 158
"c:\Users\yeung\Documents\Founder's Club\Dreammate\landing\components\messages\MessageView.js", "JavaScript", 230, 0, 0, 0, 0, 0, 0, 9, 45, 284
"c:\Users\yeung\Documents\Founder's Club\Dreammate\landing\components\messages\MessageView\ChatBaseView.js", "JavaScript", 155, 0, 0, 0, 0, 0, 0, 0, 10, 165
"c:\Users\yeung\Documents\Founder's Club\Dreammate\landing\components\messages\MessageView\ChatFullView.js", "JavaScript", 155, 0, 0, 0, 0, 0, 0, 0, 10, 165
"c:\Users\yeung\Documents\Founder's Club\Dreammate\landing\components\messages\MessageView\Layout.js", "JavaScript", 18, 0, 0, 0, 0, 0, 0, 0, 4, 22
"c:\Users\yeung\Documents\Founder's Club\Dreammate\landing\components\messages\MessageView\Layout\BottomBar.js", "JavaScript", 74, 0, 0, 0, 0, 0, 0, 2, 16, 92
"c:\Users\yeung\Documents\Founder's Club\Dreammate\landing\components\messages\MessageView\Layout\TopBar.js", "JavaScript", 190, 0, 0, 0, 0, 0, 0, 2, 12, 204
"c:\Users\yeung\Documents\Founder's Club\Dreammate\landing\components\options\components\SignOut.js", "JavaScript", 184, 0, 0, 0, 0, 0, 0, 2, 14, 200
"c:\Users\yeung\Documents\Founder's Club\Dreammate\landing\components\options\layout\Layout.js", "JavaScript", 72, 0, 0, 0, 0, 0, 0, 0, 8, 80
"c:\Users\yeung\Documents\Founder's Club\Dreammate\landing\components\options\layout\Layout\Btn\PageBtn.js", "JavaScript", 29, 0, 0, 0, 0, 0, 0, 0, 4, 33
"c:\Users\yeung\Documents\Founder's Club\Dreammate\landing\components\options\layout\Layout\Btn\SelectedPageBtn.js", "JavaScript", 29, 0, 0, 0, 0, 0, 0, 0, 4, 33
"c:\Users\yeung\Documents\Founder's Club\Dreammate\landing\components\options\layout\Layout\LayoutView.js", "JavaScript", 53, 0, 0, 0, 0, 0, 0, 0, 7, 60
"c:\Users\yeung\Documents\Founder's Club\Dreammate\landing\components\options\pages\AccountPage.js", "JavaScript", 53, 0, 0, 0, 0, 0, 0, 0, 7, 60
"c:\Users\yeung\Documents\Founder's Club\Dreammate\landing\components\options\pages\AccountPage\Email.js", "JavaScript", 37, 0, 0, 0, 0, 0, 0, 0, 7, 44
"c:\Users\yeung\Documents\Founder's Club\Dreammate\landing\components\options\pages\AccountPage\Email\Base.js", "JavaScript", 54, 0, 0, 0, 0, 0, 0, 0, 8, 62
"c:\Users\yeung\Documents\Founder's Club\Dreammate\landing\components\options\pages\AccountPage\Email\Full.js", "JavaScript", 53, 0, 0, 0, 0, 0, 0, 0, 7, 60
"c:\Users\yeung\Documents\Founder's Club\Dreammate\landing\components\options\pages\AccountPage\Password.js", "JavaScript", 38, 0, 0, 0, 0, 0, 0, 1, 9, 48
"c:\Users\yeung\Documents\Founder's Club\Dreammate\landing\components\options\pages\AccountPage\Password\Base.js", "JavaScript", 54, 0, 0, 0, 0, 0, 0, 0, 9, 63
"c:\Users\yeung\Documents\Founder's Club\Dreammate\landing\components\options\pages\AccountPage\Password\Full.js", "JavaScript", 54, 0, 0, 0, 0, 0, 0, 0, 9, 63
"c:\Users\yeung\Documents\Founder's Club\Dreammate\landing\components\options\pages\AccountPage\Username.js", "JavaScript", 44, 0, 0, 0, 0, 0, 0, 1, 10, 55
"c:\Users\yeung\Documents\Founder's Club\Dreammate\landing\components\options\pages\AccountPage\Username\Base.js", "JavaScript", 55, 0, 0, 0, 0, 0, 0, 0, 10, 65
"c:\Users\yeung\Documents\Founder's Club\Dreammate\landing\components\options\pages\AccountPage\Username\Full.js", "JavaScript", 55, 0, 0, 0, 0, 0, 0, 0, 7, 62
"c:\Users\yeung\Documents\Founder's Club\Dreammate\landing\components\options\pages\AccountPage\modals\Email(inactive)\ChangeEmail.js", "JavaScript", 75, 0, 0, 0, 0, 0, 0, 0, 7, 82
"c:\Users\yeung\Documents\Founder's Club\Dreammate\landing\components\options\pages\AccountPage\modals\Email(inactive)\SendCode.js", "JavaScript", 68, 0, 0, 0, 0, 0, 0, 0, 10, 78
"c:\Users\yeung\Documents\Founder's Club\Dreammate\landing\components\options\pages\AccountPage\modals\Email(inactive)\VerifyCode.js", "JavaScript", 78, 0, 0, 0, 0, 0, 0, 0, 10, 88
"c:\Users\yeung\Documents\Founder's Club\Dreammate\landing\components\options\pages\AccountPage\modals\Email.js", "JavaScript", 214, 0, 0, 0, 0, 0, 0, 2, 27, 243
"c:\Users\yeung\Documents\Founder's Club\Dreammate\landing\components\options\pages\AccountPage\modals\Password.js", "JavaScript", 231, 0, 0, 0, 0, 0, 0, 2, 18, 251
"c:\Users\yeung\Documents\Founder's Club\Dreammate\landing\components\options\pages\AccountPage\modals\Username.js", "JavaScript", 210, 0, 0, 0, 0, 0, 0, 4, 30, 244
"c:\Users\yeung\Documents\Founder's Club\Dreammate\landing\components\options\pages\ProPage.js", "JavaScript", 22, 0, 0, 0, 0, 0, 0, 0, 3, 25
"c:\Users\yeung\Documents\Founder's Club\Dreammate\landing\components\options\pages\ProPage\Perks.js", "JavaScript", 29, 0, 0, 0, 0, 0, 0, 0, 3, 32
"c:\Users\yeung\Documents\Founder's Club\Dreammate\landing\components\options\pages\ProPage\Perks\Base.js", "JavaScript", 58, 0, 0, 0, 0, 0, 0, 0, 4, 62
"c:\Users\yeung\Documents\Founder's Club\Dreammate\landing\components\options\pages\ProPage\Perks\Full.js", "JavaScript", 58, 0, 0, 0, 0, 0, 0, 0, 4, 62
"c:\Users\yeung\Documents\Founder's Club\Dreammate\landing\components\options\pages\ProPage\Subscribe.js", "JavaScript", 36, 0, 0, 0, 0, 0, 0, 0, 3, 39
"c:\Users\yeung\Documents\Founder's Club\Dreammate\landing\components\options\pages\ProPage\Subscribe\Base.js", "JavaScript", 87, 0, 0, 0, 0, 0, 0, 39, 8, 134
"c:\Users\yeung\Documents\Founder's Club\Dreammate\landing\components\options\pages\ProPage\Subscribe\Full.js", "JavaScript", 88, 0, 0, 0, 0, 0, 0, 39, 11, 138
"c:\Users\yeung\Documents\Founder's Club\Dreammate\landing\components\options\pages\SubscriptionPage.js", "JavaScript", 49, 0, 0, 0, 0, 0, 0, 0, 7, 56
"c:\Users\yeung\Documents\Founder's Club\Dreammate\landing\components\options\pages\Subscriptions\Manage.js", "JavaScript", 73, 0, 0, 0, 0, 0, 0, 32, 13, 118
"c:\Users\yeung\Documents\Founder's Club\Dreammate\landing\components\placeholderData.js", "JavaScript", 303, 0, 0, 0, 0, 0, 0, 0, 4, 307
"c:\Users\yeung\Documents\Founder's Club\Dreammate\landing\components\profile\modals\CreatePost.js", "JavaScript", 246, 0, 0, 0, 0, 0, 0, 6, 42, 294
"c:\Users\yeung\Documents\Founder's Club\Dreammate\landing\components\profile\modals\CreatePost\First.js", "JavaScript", 245, 0, 0, 0, 0, 0, 0, 0, 26, 271
"c:\Users\yeung\Documents\Founder's Club\Dreammate\landing\components\profile\modals\CreatePost\Loading.js", "JavaScript", 14, 0, 0, 0, 0, 0, 0, 0, 3, 17
"c:\Users\yeung\Documents\Founder's Club\Dreammate\landing\components\profile\modals\CreatePost\Second.js", "JavaScript", 323, 0, 0, 0, 0, 0, 0, 12, 30, 365
"c:\Users\yeung\Documents\Founder's Club\Dreammate\landing\components\profile\modals\CreatePost\Submit.js", "JavaScript", 38, 0, 0, 0, 0, 0, 0, 0, 3, 41
"c:\Users\yeung\Documents\Founder's Club\Dreammate\landing\components\profile\modals\EditProfile.js", "JavaScript", 384, 0, 0, 0, 0, 0, 0, 312, 30, 726
"c:\Users\yeung\Documents\Founder's Club\Dreammate\landing\components\profile\modals\Socials.js", "JavaScript", 53, 0, 0, 0, 0, 0, 0, 0, 6, 59
"c:\Users\yeung\Documents\Founder's Club\Dreammate\landing\components\profile\sections\About.js", "JavaScript", 117, 0, 0, 0, 0, 0, 0, 0, 9, 126
"c:\Users\yeung\Documents\Founder's Club\Dreammate\landing\components\profile\sections\Header.js", "JavaScript", 65, 0, 0, 0, 0, 0, 0, 0, 3, 68
"c:\Users\yeung\Documents\Founder's Club\Dreammate\landing\components\profile\sections\Header\Desktop.js", "JavaScript", 243, 0, 0, 0, 0, 0, 0, 50, 16, 309
"c:\Users\yeung\Documents\Founder's Club\Dreammate\landing\components\profile\sections\Header\Mobile.js", "JavaScript", 382, 0, 0, 0, 0, 0, 0, 98, 23, 503
"c:\Users\yeung\Documents\Founder's Club\Dreammate\landing\components\profile\sections\Header\Tablet.js", "JavaScript", 249, 0, 0, 0, 0, 0, 0, 44, 15, 308
"c:\Users\yeung\Documents\Founder's Club\Dreammate\landing\components\profile\sections\Posts.js", "JavaScript", 134, 0, 0, 0, 0, 0, 0, 2, 20, 156
"c:\Users\yeung\Documents\Founder's Club\Dreammate\landing\components\register\SignIn.js", "JavaScript", 64, 0, 0, 0, 0, 0, 0, 0, 10, 74
"c:\Users\yeung\Documents\Founder's Club\Dreammate\landing\components\register\SignIn\Base.js", "JavaScript", 89, 0, 0, 0, 0, 0, 0, 0, 4, 93
"c:\Users\yeung\Documents\Founder's Club\Dreammate\landing\components\register\SignIn\Full.js", "JavaScript", 101, 0, 0, 0, 0, 0, 0, 0, 3, 104
"c:\Users\yeung\Documents\Founder's Club\Dreammate\landing\components\register\SignUp.js", "JavaScript", 78, 0, 0, 0, 0, 0, 0, 0, 8, 86
"c:\Users\yeung\Documents\Founder's Club\Dreammate\landing\components\register\SignUp\First.js", "JavaScript", 486, 0, 0, 0, 0, 0, 0, 2, 36, 524
"c:\Users\yeung\Documents\Founder's Club\Dreammate\landing\components\register\SignUp\Second.js", "JavaScript", 676, 0, 0, 0, 0, 0, 0, 0, 34, 710
"c:\Users\yeung\Documents\Founder's Club\Dreammate\landing\components\register\SignUp\Third.js", "JavaScript", 424, 0, 0, 0, 0, 0, 0, 2, 29, 455
"c:\Users\yeung\Documents\Founder's Club\Dreammate\landing\components\register\layout\Footer.js", "JavaScript", 42, 0, 0, 0, 0, 0, 0, 0, 3, 45
"c:\Users\yeung\Documents\Founder's Club\Dreammate\landing\components\register\layout\Header.js", "JavaScript", 37, 0, 0, 0, 0, 0, 0, 0, 6, 43
"c:\Users\yeung\Documents\Founder's Club\Dreammate\landing\components\register\layout\Header\Page.js", "JavaScript", 35, 0, 0, 0, 0, 0, 0, 0, 3, 38
"c:\Users\yeung\Documents\Founder's Club\Dreammate\landing\components\register\layout\Header\PageVisual.js", "JavaScript", 28, 0, 0, 0, 0, 0, 0, 0, 3, 31
"c:\Users\yeung\Documents\Founder's Club\Dreammate\landing\components\register\layout\Header\Page\Base.js", "JavaScript", 44, 0, 0, 0, 0, 0, 0, 0, 3, 47
"c:\Users\yeung\Documents\Founder's Club\Dreammate\landing\components\register\layout\Header\Page\Full.js", "JavaScript", 55, 0, 0, 0, 0, 0, 0, 0, 3, 58
"c:\Users\yeung\Documents\Founder's Club\Dreammate\landing\components\school\Base.js", "JavaScript", 68, 0, 0, 0, 0, 0, 0, 0, 6, 74
"c:\Users\yeung\Documents\Founder's Club\Dreammate\landing\components\school\Full.js", "JavaScript", 69, 0, 0, 0, 0, 0, 0, 0, 5, 74
"c:\Users\yeung\Documents\Founder's Club\Dreammate\landing\components\school\Header.js", "JavaScript", 71, 0, 0, 0, 0, 0, 0, 0, 10, 81
"c:\Users\yeung\Documents\Founder's Club\Dreammate\landing\components\school\modal\Search.js", "JavaScript", 135, 0, 0, 0, 0, 0, 0, 2, 15, 152
"c:\Users\yeung\Documents\Founder's Club\Dreammate\landing\components\server.js", "JavaScript", 111, 0, 0, 0, 0, 0, 0, 6, 18, 135
"c:\Users\yeung\Documents\Founder's Club\Dreammate\landing\firebase.indexes.json", "JSON", 0, 0, 0, 51, 0, 0, 0, 0, 1, 52
"c:\Users\yeung\Documents\Founder's Club\Dreammate\landing\firebase.json", "JSON", 0, 0, 0, 4, 0, 0, 0, 25, 0, 29
"c:\Users\yeung\Documents\Founder's Club\Dreammate\landing\functions\.eslintrc.js", "JavaScript", 14, 0, 0, 0, 0, 0, 0, 0, 1, 15
"c:\Users\yeung\Documents\Founder's Club\Dreammate\landing\functions\index.js", "JavaScript", 0, 0, 0, 0, 0, 0, 0, 77, 10, 87
"c:\Users\yeung\Documents\Founder's Club\Dreammate\landing\functions\package-lock.json", "JSON", 0, 0, 0, 6150, 0, 0, 0, 0, 1, 6151
"c:\Users\yeung\Documents\Founder's Club\Dreammate\landing\functions\package.json", "JSON", 0, 0, 0, 27, 0, 0, 0, 0, 1, 28
"c:\Users\yeung\Documents\Founder's Club\Dreammate\landing\next.config.js", "JavaScript", 8, 0, 0, 0, 0, 0, 0, 1, 2, 11
"c:\Users\yeung\Documents\Founder's Club\Dreammate\landing\package-lock.json", "JSON", 0, 0, 0, 20279, 0, 0, 0, 0, 1, 20280
"c:\Users\yeung\Documents\Founder's Club\Dreammate\landing\package.json", "JSON", 0, 0, 0, 45, 0, 0, 0, 0, 1, 46
"c:\Users\yeung\Documents\Founder's Club\Dreammate\landing\pages\404.js", "JavaScript", 144, 0, 0, 0, 0, 0, 0, 0, 10, 154
"c:\Users\yeung\Documents\Founder's Club\Dreammate\landing\pages\[profile]\index.js", "JavaScript", 154, 0, 0, 0, 0, 0, 0, 3, 24, 181
"c:\Users\yeung\Documents\Founder's Club\Dreammate\landing\pages\_app.js", "JavaScript", 109, 0, 0, 0, 0, 0, 0, 3, 20, 132
"c:\Users\yeung\Documents\Founder's Club\Dreammate\landing\pages\_document.js", "JavaScript", 22, 0, 0, 0, 0, 0, 0, 0, 3, 25
"c:\Users\yeung\Documents\Founder's Club\Dreammate\landing\pages\api\contact.js", "JavaScript", 37, 0, 0, 0, 0, 0, 0, 0, 5, 42
"c:\Users\yeung\Documents\Founder's Club\Dreammate\landing\pages\api\hello.js", "JavaScript", 3, 0, 0, 0, 0, 0, 0, 1, 2, 6
"c:\Users\yeung\Documents\Founder's Club\Dreammate\landing\pages\api\pro.js", "JavaScript", 26, 0, 0, 0, 0, 0, 0, 3, 3, 32
"c:\Users\yeung\Documents\Founder's Club\Dreammate\landing\pages\api\stripe-webhook.js", "JavaScript", 20, 0, 0, 0, 0, 0, 0, 6, 7, 33
"c:\Users\yeung\Documents\Founder's Club\Dreammate\landing\pages\api\welcome.js", "JavaScript", 20, 0, 0, 0, 0, 0, 0, 0, 5, 25
"c:\Users\yeung\Documents\Founder's Club\Dreammate\landing\pages\c\career\index.js", "JavaScript", 68, 0, 0, 0, 0, 0, 0, 0, 6, 74
"c:\Users\yeung\Documents\Founder's Club\Dreammate\landing\pages\c\contact\index.js", "JavaScript", 89, 0, 0, 0, 0, 0, 0, 0, 8, 97
"c:\Users\yeung\Documents\Founder's Club\Dreammate\landing\pages\c\privacy\index.js", "JavaScript", 140, 0, 0, 0, 0, 0, 0, 0, 8, 148
"c:\Users\yeung\Documents\Founder's Club\Dreammate\landing\pages\c\team\index.js", "JavaScript", 49, 0, 0, 0, 0, 0, 0, 0, 7, 56
"c:\Users\yeung\Documents\Founder's Club\Dreammate\landing\pages\c\tos\index.js", "JavaScript", 691, 0, 0, 0, 0, 0, 0, 0, 6, 697
"c:\Users\yeung\Documents\Founder's Club\Dreammate\landing\pages\global\[school]\index.js", "JavaScript", 312, 0, 0, 0, 0, 0, 0, 6, 41, 359
"c:\Users\yeung\Documents\Founder's Club\Dreammate\landing\pages\global\index.js", "JavaScript", 296, 0, 0, 0, 0, 0, 0, 6, 38, 340
"c:\Users\yeung\Documents\Founder's Club\Dreammate\landing\pages\home\index.js", "JavaScript", 297, 0, 0, 0, 0, 0, 0, 25, 41, 363
"c:\Users\yeung\Documents\Founder's Club\Dreammate\landing\pages\index.js", "JavaScript", 109, 0, 0, 0, 0, 0, 0, 3, 15, 127
"c:\Users\yeung\Documents\Founder's Club\Dreammate\landing\pages\messages\[id]\index.js", "JavaScript", 11, 0, 0, 0, 0, 0, 0, 0, 4, 15
"c:\Users\yeung\Documents\Founder's Club\Dreammate\landing\pages\messages\index.js", "JavaScript", 69, 0, 0, 0, 0, 0, 0, 0, 7, 76
"c:\Users\yeung\Documents\Founder's Club\Dreammate\landing\pages\options\account\index.js", "JavaScript", 30, 0, 0, 0, 0, 0, 0, 0, 5, 35
"c:\Users\yeung\Documents\Founder's Club\Dreammate\landing\pages\options\pro\index.js", "JavaScript", 98, 0, 0, 0, 0, 0, 0, 3, 22, 123
"c:\Users\yeung\Documents\Founder's Club\Dreammate\landing\pages\options\subscriptions\index.js", "JavaScript", 30, 0, 0, 0, 0, 0, 0, 0, 5, 35
"c:\Users\yeung\Documents\Founder's Club\Dreammate\landing\pages\register\index.js", "JavaScript", 216, 0, 0, 0, 0, 0, 0, 14, 42, 272
"c:\Users\yeung\Documents\Founder's Club\Dreammate\landing\public\index.html", "HTML", 0, 79, 0, 0, 0, 0, 0, 6, 5, 90
"c:\Users\yeung\Documents\Founder's Club\Dreammate\landing\styles\customTheme.js", "JavaScript", 47, 0, 0, 0, 0, 0, 0, 0, 6, 53
"c:\Users\yeung\Documents\Founder's Club\Dreammate\landing\utils\AuthRouting.js", "JavaScript", 20, 0, 0, 0, 0, 0, 0, 0, 9, 29
"c:\Users\yeung\Documents\Founder's Club\Dreammate\landing\utils\algolia.js", "JavaScript", 28, 0, 0, 0, 0, 0, 0, 0, 10, 38
"c:\Users\yeung\Documents\Founder's Club\Dreammate\landing\utils\context.js", "JavaScript", 23, 0, 0, 0, 0, 0, 0, 0, 2, 25
"c:\Users\yeung\Documents\Founder's Club\Dreammate\landing\utils\firebase.js", "JavaScript", 18, 0, 0, 0, 0, 0, 0, 2, 5, 25
"c:\Users\yeung\Documents\Founder's Club\Dreammate\landing\utils\hooks.js", "JavaScript", 79, 0, 0, 0, 0, 0, 0, 0, 8, 87
"c:\Users\yeung\Documents\Founder's Club\Dreammate\landing\utils\stripe.js", "JavaScript", 3, 0, 0, 0, 0, 0, 0, 0, 3, 6
"Total", "-", 17071, 79, 20, 26559, 1, 31, 15, 908, 1708, 46392